name1,name2,mae,rmse,max_deviation,pearson_r,p_value,correlation_strength
Độ khó tự giải,Độ khó cấu trúc,0.52,0.7745966692414834,2,0.6490823285324276,3.4219006757830836e-07,Mạnh
Độ khó tự giải,Win Rate Score,1.08,1.3416407864998738,3,0.3221531736562897,0.02251587100664587,Yếu
Độ khó cấu trúc,Win Rate Score,0.96,1.3266499161421599,3,0.2667471380831839,0.06112815923336809,Yếu
