Metric,Original_MAE,Pattern_MAE,MAE_Change,MAE_Change_%,Original_Pearson_r,Pattern_Pearson_r,Levels_Changed
Difficulty,1.08,0.56,-0.52,-48.148148148148145,0.3221531736562895,0.37705138546841943,20
Difficulty Label,0.96,0.5,-0.45999999999999996,-47.916666666666664,0.2667471380831838,0.47860104877044407,18
